0,1,2
0.000000,0.336000,0.946800
0.004159,0.336600,0.945600
0.008317,0.336000,0.946200
0.012476,0.336600,0.946200
0.016634,0.336600,0.945600
0.020793,0.336600,0.945600
0.024951,0.336600,0.945600
0.029110,0.336600,0.945600
0.033268,0.336600,0.945600
0.037427,0.336000,0.945600
0.041586,0.336600,0.945600
0.045744,0.336600,0.945600
0.049903,0.336600,0.946200
0.054061,0.336600,0.945600
0.058220,0.336600,0.945600
0.062378,0.336600,0.945600
0.066537,0.336600,0.945600
0.070695,0.336600,0.945600
0.074854,0.336000,0.946200
0.079013,0.336600,0.945600
0.083171,0.336600,0.945600
0.087330,0.336600,0.945000
0.091488,0.336600,0.945000
0.095647,0.336000,0.945600
0.099805,0.336600,0.945000
0.103964,0.336600,0.945000
0.108122,0.336600,0.944400
0.112281,0.336600,0.944400
0.116440,0.337200,0.943800
0.120598,0.337200,0.943200
0.124757,0.337200,0.943200
0.128915,0.337200,0.942000
0.133074,0.336600,0.942000
0.137232,0.336600,0.942000
0.141391,0.336600,0.941400
0.145549,0.336600,0.941400
0.149708,0.336000,0.941400
0.153867,0.335400,0.941400
0.158025,0.334800,0.940200
0.162184,0.334800,0.939600
0.166342,0.334200,0.937200
0.170501,0.334200,0.936600
0.174659,0.333000,0.934800
0.178818,0.333000,0.934200
0.182976,0.333000,0.931800
0.187135,0.332400,0.930600
0.191294,0.331800,0.929400
0.195452,0.331200,0.928200
0.199611,0.331200,0.927000
0.203769,0.330600,0.925200
0.207928,0.330000,0.924000
0.212086,0.329400,0.922200
0.216245,0.329400,0.919800
0.220403,0.328800,0.918600
0.224562,0.329400,0.916800
0.228721,0.328800,0.915000
0.232879,0.328200,0.912600
0.237038,0.327600,0.912000
0.241196,0.327000,0.909000
0.245355,0.325800,0.907800
0.249513,0.325800,0.904800
0.253672,0.325200,0.903600
0.257830,0.325200,0.900600
0.261989,0.325200,0.898200
0.266148,0.325200,0.895200
0.270306,0.324600,0.892800
0.274465,0.324600,0.891000
0.278623,0.324000,0.888600
0.282782,0.324000,0.885600
0.286940,0.322800,0.883800
0.291099,0.322200,0.881400
0.295258,0.322200,0.880200
0.299416,0.322200,0.876600
0.303575,0.321600,0.874800
0.307733,0.321600,0.871800
0.311892,0.321600,0.868200
0.316050,0.320400,0.865200
0.320209,0.319800,0.863400
0.324367,0.320400,0.860400
0.328526,0.321000,0.857400
0.332685,0.320400,0.854400
0.336843,0.319800,0.851400
0.341002,0.319800,0.848400
0.345160,0.319800,0.844800
0.349319,0.319200,0.842400
0.353477,0.319200,0.839400
0.357636,0.318600,0.835800
0.361794,0.318000,0.832800
0.365953,0.318000,0.829800
0.370112,0.317400,0.826800
0.374270,0.316800,0.823200
0.378429,0.316800,0.819600
0.382587,0.316200,0.815400
0.386746,0.316200,0.811800
0.390904,0.316200,0.808200
0.395063,0.316200,0.804000
0.399221,0.316200,0.800400
0.403380,0.316800,0.796800
0.407539,0.316800,0.793800
0.411697,0.316800,0.790200
0.415856,0.316800,0.786600
0.420014,0.316800,0.783600
0.424173,0.317400,0.780600
0.428331,0.317400,0.777000
0.432490,0.317400,0.773400
0.436648,0.317400,0.769800
0.440807,0.316800,0.766200
0.444966,0.316800,0.762000
0.449124,0.316200,0.758400
0.453283,0.316800,0.753600
0.457441,0.316200,0.749400
0.461600,0.316200,0.745200
0.465758,0.315600,0.740400
0.469917,0.316200,0.736200
0.474075,0.316200,0.731400
0.478234,0.316200,0.727200
0.482393,0.316800,0.722400
0.486551,0.316800,0.718200
0.490710,0.316800,0.714600
0.494868,0.317400,0.709800
0.499027,0.318000,0.705600
0.503185,0.318600,0.701400
0.507344,0.318600,0.697800
0.511502,0.318600,0.693600
0.515661,0.318600,0.689400
0.519820,0.318000,0.685200
0.523978,0.318000,0.680400
0.528137,0.318000,0.675000
0.532295,0.318000,0.669600
0.536454,0.318000,0.664200
0.540612,0.318600,0.658200
0.544771,0.319200,0.652800
0.548929,0.319200,0.648000
0.553088,0.319200,0.642600
0.557247,0.320400,0.638400
0.561405,0.321000,0.634200
0.565564,0.321600,0.629400
0.569722,0.321600,0.625200
0.573881,0.321600,0.620400
0.578039,0.321600,0.616200
0.582198,0.321600,0.612000
0.586356,0.321600,0.606000
0.590515,0.321600,0.601200
0.594674,0.321600,0.595800
0.598832,0.321600,0.590400
0.602991,0.322200,0.585000
0.607149,0.322800,0.579600
0.611308,0.323400,0.574200
0.615466,0.324600,0.569400
0.619625,0.325200,0.564000
0.623783,0.325800,0.559200
0.627942,0.325800,0.555000
0.632101,0.325800,0.549600
0.636259,0.325800,0.544200
0.640418,0.325200,0.538200
0.644576,0.325800,0.532200
0.648735,0.326400,0.526800
0.652893,0.327000,0.520800
0.657052,0.327600,0.516000
0.661210,0.327600,0.510600
0.665369,0.328800,0.505200
0.669528,0.329400,0.500400
0.673686,0.329400,0.495600
0.677845,0.330000,0.490800
0.682003,0.330000,0.485400
0.686162,0.330000,0.478800
0.690320,0.330000,0.472800
0.694479,0.330600,0.467400
0.698637,0.331200,0.461400
0.702796,0.331800,0.455400
0.706955,0.331800,0.450000
0.711113,0.333000,0.444600
0.715272,0.334200,0.439200
0.719430,0.334800,0.433200
0.723589,0.334800,0.429000
0.727747,0.334800,0.423600
0.731906,0.334800,0.417000
0.736064,0.334800,0.411600
0.740223,0.335400,0.405000
0.744382,0.336000,0.398400
0.748540,0.336600,0.393000
0.752699,0.337800,0.386400
0.756857,0.339000,0.381600
0.761016,0.339600,0.376800
0.765174,0.339600,0.372000
0.769333,0.339600,0.366000
0.773491,0.339600,0.360600
0.777650,0.340200,0.354600
0.781809,0.340200,0.349800
0.785967,0.340800,0.343200
0.790126,0.341400,0.337800
0.794284,0.342600,0.331800
0.798443,0.343800,0.327000
0.802601,0.344400,0.322200
0.806760,0.345000,0.317400
0.810918,0.344400,0.312000
0.815077,0.344400,0.307200
0.819236,0.345000,0.300000
0.823394,0.345600,0.294000
0.827553,0.346200,0.288600
0.831711,0.348000,0.282000
0.835870,0.348600,0.275400
0.840028,0.349800,0.270000
0.844187,0.349800,0.263400
0.848345,0.349800,0.256200
0.852504,0.349200,0.249000
0.856663,0.349800,0.242400
0.860821,0.351000,0.234600
0.864980,0.351600,0.228000
0.869138,0.352200,0.219600
0.873297,0.353400,0.210600
0.877455,0.355200,0.202800
0.881614,0.355200,0.195600
0.885773,0.355200,0.187200
0.889931,0.355200,0.179400
0.894090,0.355800,0.171000
0.898248,0.356400,0.161400
0.902407,0.357600,0.152400
0.906565,0.358200,0.144000
0.910724,0.359400,0.134400
0.914882,0.360600,0.125400
0.919041,0.361200,0.117600
0.923200,0.361200,0.108600
0.927358,0.361200,0.101400
0.931517,0.361200,0.093000
0.935675,0.361800,0.084600
0.939834,0.363000,0.077400
0.943992,0.363600,0.071400
0.948151,0.364800,0.064800
0.952309,0.365400,0.062400
0.956468,0.366000,0.061800
0.960627,0.366000,0.062400
0.964785,0.366000,0.063000
0.968944,0.366000,0.062400
0.973102,0.366000,0.063000
0.977261,0.366600,0.063600
0.981419,0.367200,0.064800
0.985578,0.367800,0.066600
0.989736,0.368400,0.067800
0.993895,0.368400,0.069600
0.998054,0.368400,0.070200
1.002212,0.368400,0.071400
1.006371,0.369000,0.072000
1.010529,0.369600,0.072000
1.014688,0.370200,0.073200
1.018846,0.370800,0.074400
1.023005,0.371400,0.076800
1.027163,0.372000,0.078600
1.031322,0.372000,0.081000
1.035481,0.371400,0.084000
1.039639,0.370800,0.086400
1.043798,0.370800,0.088200
1.047956,0.371400,0.090600
1.052115,0.372000,0.094200
1.056273,0.373200,0.097200
1.060432,0.374400,0.101400
1.064590,0.373800,0.105600
1.068749,0.373800,0.109800
1.072908,0.373200,0.113400
1.077066,0.373200,0.116400
1.081225,0.373200,0.120600
1.085383,0.373200,0.124200
1.089542,0.373800,0.127800
1.093700,0.374400,0.132000
1.097859,0.375000,0.135600
1.102017,0.375000,0.139800
1.106176,0.375600,0.144000
1.110335,0.375600,0.148800
1.114493,0.375000,0.152400
1.118652,0.375000,0.155400
1.122810,0.375000,0.159000
1.126969,0.375000,0.162600
1.131127,0.375600,0.166800
1.135286,0.376200,0.171000
1.139444,0.376800,0.174000
1.143603,0.377400,0.178200
1.147762,0.377400,0.183000
1.151920,0.376800,0.187800
1.156079,0.376800,0.191400
1.160237,0.376800,0.195000
1.164396,0.376800,0.198600
1.168554,0.377400,0.202200
1.172713,0.378000,0.206400
1.176871,0.378000,0.210600
1.181030,0.378000,0.215400
1.185189,0.378600,0.219600
1.189347,0.379200,0.224400
1.193506,0.378600,0.229800
1.197664,0.378600,0.234600
1.201823,0.378600,0.239400
1.205981,0.378600,0.243000
1.210140,0.378000,0.246600
1.214298,0.378000,0.250200
1.218457,0.378600,0.254400
1.222616,0.379200,0.259200
1.226774,0.379200,0.264000
1.230933,0.379200,0.268200
1.235091,0.379800,0.272400
1.239250,0.379800,0.277200
1.243408,0.379800,0.282600
1.247567,0.379800,0.287400
1.251725,0.379200,0.291000
1.255884,0.379200,0.295200
1.260043,0.379200,0.299400
1.264201,0.379800,0.303600
1.268360,0.379800,0.307200
1.272518,0.379800,0.310800
1.276677,0.380400,0.315000
1.280835,0.380400,0.319800
1.284994,0.380400,0.323400
1.289152,0.380400,0.328200
1.293311,0.381000,0.333000
1.297470,0.381000,0.338400
1.301628,0.381000,0.343800
1.305787,0.380400,0.347400
1.309945,0.380400,0.351600
1.314104,0.379800,0.355800
1.318262,0.379800,0.358800
1.322421,0.379800,0.362400
1.326579,0.379800,0.366000
1.330738,0.380400,0.369600
1.334897,0.380400,0.373800
1.339055,0.381000,0.378000
1.343214,0.381000,0.381600
1.347372,0.381000,0.385200
1.351531,0.381600,0.389400
1.355689,0.381600,0.394200
1.359848,0.381600,0.397800
1.364006,0.381000,0.402000
1.368165,0.380400,0.405600
1.372324,0.380400,0.409200
1.376482,0.379800,0.412200
1.380641,0.379800,0.415800
1.384799,0.379800,0.419400
1.388958,0.379800,0.422400
1.393116,0.380400,0.426000
1.397275,0.380400,0.429600
1.401433,0.380400,0.433800
1.405592,0.380400,0.437400
1.409751,0.381000,0.442200
1.413909,0.380400,0.445200
1.418068,0.380400,0.449400
1.422226,0.381000,0.453000
1.426385,0.381000,0.457200
1.430543,0.380400,0.460800
1.434702,0.380400,0.464400
1.438861,0.380400,0.467400
1.443019,0.380400,0.470400
1.447178,0.379800,0.474000
1.451336,0.379200,0.477000
1.455495,0.378600,0.478800
1.459653,0.378600,0.481200
1.463812,0.379200,0.483600
1.467970,0.379200,0.486000
1.472129,0.379200,0.487800
1.476288,0.379200,0.490800
1.480446,0.379200,0.493200
1.484605,0.378600,0.496200
1.488763,0.379200,0.499200
1.492922,0.379200,0.501600
1.497080,0.379200,0.505200
1.501239,0.378600,0.508200
1.505397,0.378600,0.511200
1.509556,0.378600,0.514200
1.513715,0.379200,0.517800
1.517873,0.379200,0.520800
1.522032,0.378600,0.523800
1.526190,0.378000,0.526800
1.530349,0.378600,0.529200
1.534507,0.378000,0.531600
1.538666,0.377400,0.534000
1.542824,0.377400,0.535800
1.546983,0.376800,0.537600
1.551142,0.376800,0.540000
1.555300,0.376200,0.541200
1.559459,0.375600,0.542400
1.563617,0.375600,0.544800
1.567776,0.375000,0.546000
1.571934,0.375000,0.547800
1.576093,0.375600,0.550200
1.580251,0.375600,0.552000
1.584410,0.375600,0.553800
1.588569,0.375000,0.556200
1.592727,0.375000,0.558000
1.596886,0.375000,0.560400
1.601044,0.375000,0.561600
1.605203,0.375000,0.563400
1.609361,0.375000,0.566400
1.613520,0.375000,0.568200
1.617678,0.375000,0.569400
1.621837,0.374400,0.571200
1.625996,0.374400,0.572400
1.630154,0.374400,0.573600
1.634313,0.374400,0.574800
1.638471,0.373800,0.576000
1.642630,0.373800,0.576600
1.646788,0.373800,0.577800
1.650947,0.373200,0.579000
1.655105,0.373200,0.579600
1.659264,0.372600,0.580800
1.663423,0.373200,0.581400
1.667581,0.373200,0.582600
1.671740,0.372600,0.583800
1.675898,0.372600,0.584400
1.680057,0.372000,0.585600
1.684215,0.371400,0.586800
1.688374,0.371400,0.587400
1.692532,0.371400,0.588600
1.696691,0.371400,0.589800
1.700850,0.371400,0.590400
1.705008,0.370800,0.591600
1.709167,0.370200,0.592200
1.713325,0.370200,0.592800
1.717484,0.370200,0.594000
1.721642,0.369600,0.594000
1.725801,0.369600,0.594600
1.729959,0.369600,0.595200
1.734118,0.369000,0.595800
1.738277,0.368400,0.595800
1.742435,0.367800,0.596400
1.746594,0.367800,0.597000
1.750752,0.367800,0.597000
1.754911,0.367200,0.597600
1.759069,0.366600,0.597600
1.763228,0.367200,0.597600
1.767386,0.366000,0.597600
1.771545,0.366000,0.598200
1.775704,0.365400,0.598200
1.779862,0.365400,0.597600
1.784021,0.365400,0.597600
1.788179,0.365400,0.597600
1.792338,0.365400,0.597600
1.796496,0.364800,0.597600
1.800655,0.364200,0.597600
1.804813,0.364200,0.597000
1.808972,0.363600,0.597000
1.813131,0.363600,0.596400
1.817289,0.363600,0.596400
1.821448,0.363000,0.595800
1.825606,0.363000,0.595200
1.829765,0.363000,0.594600
1.833923,0.362400,0.594000
1.838082,0.362400,0.593400
1.842240,0.362400,0.592200
1.846399,0.361800,0.591600
1.850558,0.361800,0.591600
1.854716,0.361200,0.590400
1.858875,0.360600,0.589800
1.863033,0.360000,0.588600
1.867192,0.360000,0.587400
1.871350,0.360000,0.586800
1.875509,0.360000,0.585600
1.879667,0.360000,0.585000
1.883826,0.359400,0.584400
1.887985,0.359400,0.582600
1.892143,0.358800,0.582000
1.896302,0.358200,0.580200
1.900460,0.358200,0.578400
1.904619,0.358200,0.577200
1.908777,0.357600,0.576000
1.912936,0.357600,0.574200
1.917094,0.357000,0.573000
1.921253,0.356400,0.571800
1.925412,0.356400,0.571200
1.929570,0.355800,0.569400
1.933729,0.355800,0.568200
1.937887,0.355200,0.567000
1.942046,0.354600,0.565200
1.946204,0.354600,0.564600
1.950363,0.354600,0.562800
1.954521,0.353400,0.561600
1.958680,0.353400,0.561000
1.962839,0.352800,0.559200
1.966997,0.352200,0.557400
1.971156,0.352200,0.556800
1.975314,0.352200,0.554400
1.979473,0.352200,0.552600
1.983631,0.352200,0.550800
1.987790,0.352200,0.549000
1.991948,0.352200,0.546000
1.996107,0.352200,0.543600
2.000266,0.351600,0.543000
2.004424,0.351600,0.540000
2.008583,0.351600,0.537600
2.012741,0.351600,0.535200
2.016900,0.351600,0.532800
2.021058,0.351000,0.531000
2.025217,0.351600,0.528600
2.029376,0.351600,0.526200
2.033534,0.351000,0.523200
2.037693,0.351000,0.520800
2.041851,0.350400,0.519000
2.046010,0.350400,0.516000
2.050168,0.350400,0.514200
2.054327,0.350400,0.511200
2.058485,0.350400,0.508800
2.062644,0.349800,0.507000
2.066803,0.349800,0.504600
2.070961,0.349800,0.501600
2.075120,0.349800,0.499200
2.079278,0.349200,0.496800
2.083437,0.348600,0.494400
2.087595,0.348600,0.491400
2.091754,0.348600,0.489000
2.095912,0.348000,0.486600
2.100071,0.348000,0.483600
2.104230,0.347400,0.480600
2.108388,0.347400,0.476400
2.112547,0.347400,0.474000
2.116705,0.348000,0.471000
2.120864,0.348000,0.468000
2.125022,0.348000,0.465000
2.129181,0.348600,0.461400
2.133339,0.348600,0.458400
2.137498,0.348600,0.455400
2.141657,0.348600,0.451800
2.145815,0.348600,0.448800
2.149974,0.348600,0.446400
2.154132,0.348000,0.443400
2.158291,0.348000,0.441000
2.162449,0.347400,0.438000
2.166608,0.346800,0.435000
2.170766,0.346800,0.432600
2.174925,0.346200,0.430200
2.179084,0.346200,0.427800
2.183242,0.346200,0.424200
2.187401,0.346200,0.421200
2.191559,0.346800,0.417600
2.195718,0.346800,0.413400
2.199876,0.346800,0.409800
2.204035,0.347400,0.405600
2.208193,0.348000,0.400800
2.212352,0.347400,0.397200
2.216511,0.347400,0.392400
2.220669,0.347400,0.387600
2.224828,0.347400,0.383400
2.228986,0.347400,0.379200
2.233145,0.347400,0.375600
2.237303,0.347400,0.372000
2.241462,0.347400,0.369600
2.245620,0.347400,0.366600
2.249779,0.346800,0.363600
2.253938,0.346800,0.360600
2.258096,0.346800,0.357600
2.262255,0.346800,0.354600
2.266413,0.347400,0.352200
2.270572,0.347400,0.349200
2.274730,0.348000,0.345000
2.278889,0.348600,0.340800
2.283047,0.348600,0.337200
2.287206,0.348600,0.331800
2.291365,0.348000,0.327600
2.295523,0.347400,0.323400
2.299682,0.347400,0.319800
2.303840,0.347400,0.315600
2.307999,0.347400,0.312000
2.312157,0.347400,0.308400
2.316316,0.347400,0.304800
2.320474,0.348000,0.299400
2.324633,0.348000,0.295200
2.328792,0.348600,0.291000
2.332950,0.349200,0.286200
2.337109,0.349200,0.282000
2.341267,0.349200,0.277800
2.345426,0.349800,0.273000
2.349584,0.349800,0.268800
2.353743,0.349800,0.264600
2.357901,0.349800,0.261600
2.362060,0.349800,0.257400
2.366219,0.349800,0.253800
2.370377,0.349200,0.250200
2.374536,0.349200,0.246600
2.378694,0.349800,0.243000
2.382853,0.350400,0.239400
2.387011,0.351000,0.235800
2.391170,0.351600,0.231600
2.395328,0.352200,0.226800
2.399487,0.351600,0.222600
2.403646,0.351600,0.217800
2.407804,0.351000,0.213600
2.411963,0.351600,0.209400
2.416121,0.351000,0.205800
2.420280,0.351000,0.202200
2.424438,0.351600,0.198600
2.428597,0.352200,0.195000
2.432755,0.352200,0.190200
2.436914,0.352200,0.186000
2.441073,0.352800,0.181800
2.445231,0.353400,0.177600
2.449390,0.353400,0.173400
2.453548,0.353400,0.169800
2.457707,0.353400,0.165600
2.461865,0.353400,0.162000
2.466024,0.353400,0.159000
2.470182,0.353400,0.155400
2.474341,0.353400,0.152400
2.478500,0.354000,0.148800
2.482658,0.354600,0.145800
2.486817,0.355200,0.142200
2.490975,0.355200,0.138000
2.495134,0.355200,0.133800
2.499292,0.354600,0.130200
2.503451,0.355200,0.126600
2.507609,0.355200,0.123600
2.511768,0.355200,0.120600
2.515927,0.355800,0.118200
2.520085,0.356400,0.114600
2.524244,0.357000,0.111600
2.528402,0.357600,0.108000
2.532561,0.358200,0.104400
2.536719,0.358200,0.100800
2.540878,0.358200,0.097200
2.545036,0.358200,0.094200
2.549195,0.357600,0.091200
2.553354,0.357600,0.088200
2.557512,0.358200,0.086400
2.561671,0.358200,0.084000
2.565829,0.358800,0.082200
2.569988,0.358800,0.079200
2.574146,0.359400,0.077400
2.578305,0.359400,0.074400
2.582464,0.360000,0.072600
2.586622,0.359400,0.071400
2.590781,0.358800,0.070200
2.594939,0.358800,0.069000
2.599098,0.359400,0.068400
2.603256,0.360600,0.067200
2.607415,0.361200,0.066600
2.611573,0.361800,0.064800
2.615732,0.362400,0.063000
2.619891,0.362400,0.060600
2.624049,0.361800,0.058800
2.628208,0.361800,0.058200
2.632366,0.361800,0.056400
2.636525,0.361800,0.055200
2.640683,0.361800,0.054600
2.644842,0.361800,0.055200
2.649000,0.362400,0.055200
2.653159,0.363000,0.058200
2.657318,0.363000,0.058800
2.661476,0.363000,0.062400
2.665635,0.363600,0.066000
2.669793,0.364200,0.069600
2.673952,0.363600,0.073200
2.678110,0.363000,0.076800
2.682269,0.361800,0.080400
2.686427,0.361200,0.085800
2.690586,0.361200,0.090600
2.694745,0.361200,0.094800
2.698903,0.361800,0.099600
2.703062,0.362400,0.103200
2.707220,0.363600,0.106200
2.711379,0.364200,0.109200
2.715537,0.364200,0.111600
2.719696,0.363600,0.115200
2.723854,0.363000,0.117600
2.728013,0.362400,0.121200
2.732172,0.362400,0.123600
2.736330,0.362400,0.127200
2.740489,0.362400,0.129600
2.744647,0.362400,0.131400
2.748806,0.363000,0.134400
2.752964,0.363600,0.136200
2.757123,0.364200,0.138000
2.761281,0.364200,0.139200
2.765440,0.363600,0.142200
2.769599,0.363600,0.142800
2.773757,0.364200,0.144000
2.777916,0.364200,0.145200
2.782074,0.363600,0.147000
2.786233,0.363600,0.148800
2.790391,0.363000,0.150600
2.794550,0.363000,0.153600
2.798708,0.363000,0.155400
2.802867,0.363600,0.157800
2.807026,0.363600,0.161400
2.811184,0.364800,0.163200
2.815343,0.364800,0.166200
2.819501,0.364800,0.168000
2.823660,0.364800,0.170400
2.827818,0.364800,0.174000
2.831977,0.364200,0.177000
2.836135,0.364200,0.180600
2.840294,0.363600,0.184800
2.844453,0.363600,0.189000
2.848611,0.363600,0.192600
2.852770,0.363600,0.196200
2.856928,0.363000,0.199800
2.861087,0.363000,0.203400
2.865245,0.363600,0.206400
2.869404,0.363600,0.210600
2.873562,0.363600,0.213600
2.877721,0.364200,0.216600
2.881880,0.363600,0.219000
2.886038,0.364200,0.221400
2.890197,0.364200,0.223800
2.894355,0.364200,0.226200
2.898514,0.363600,0.229200
2.902672,0.363000,0.231600
2.906831,0.363600,0.234600
2.910989,0.363000,0.237600
2.915148,0.363000,0.240000
2.919307,0.362400,0.243600
2.923465,0.362400,0.246600
2.927624,0.362400,0.249600
2.931782,0.362400,0.252600
2.935941,0.363000,0.255600
2.940099,0.363000,0.258600
2.944258,0.363600,0.261600
2.948416,0.363600,0.263400
2.952575,0.363600,0.265800
2.956734,0.363600,0.268800
2.960892,0.363600,0.270600
2.965051,0.363000,0.273600
2.969209,0.363000,0.276600
2.973368,0.362400,0.280200
2.977526,0.362400,0.282600
2.981685,0.361800,0.286200
2.985843,0.361200,0.289200
2.990002,0.361800,0.292800
2.994161,0.361200,0.295200
2.998319,0.361200,0.298800
3.002478,0.361200,0.301200
3.006636,0.361200,0.304200
3.010795,0.361200,0.306000
3.014953,0.361200,0.309000
3.019112,0.361200,0.310800
3.023270,0.361200,0.312600
3.027429,0.361800,0.314400
3.031588,0.361800,0.316200
3.035746,0.361200,0.318600
3.039905,0.361200,0.320400
3.044063,0.361200,0.322200
3.048222,0.361200,0.324000
3.052380,0.361200,0.325800
3.056539,0.360600,0.328800
3.060697,0.360600,0.330600
3.064856,0.360600,0.334200
3.069015,0.360000,0.336000
3.073173,0.360000,0.339000
3.077332,0.359400,0.340800
3.081490,0.359400,0.344400
3.085649,0.358200,0.346800
3.089807,0.358200,0.349200
3.093966,0.358800,0.352200
3.098124,0.358200,0.353400
3.102283,0.357600,0.355800
3.106442,0.357600,0.357600
3.110600,0.357000,0.359400
3.114759,0.357000,0.360600
3.118917,0.357000,0.362400
3.123076,0.357600,0.363600
3.127234,0.357600,0.365400
3.131393,0.357600,0.366600
3.135552,0.357600,0.367800
3.139710,0.357600,0.369000
3.143869,0.357600,0.370200
3.148027,0.358200,0.371400
3.152186,0.357600,0.372600
3.156344,0.357600,0.374400
3.160503,0.357600,0.375000
3.164661,0.357000,0.376200
3.168820,0.357000,0.378000
3.172979,0.357000,0.380400
3.177137,0.357000,0.381600
3.181296,0.357000,0.383400
3.185454,0.356400,0.384600
3.189613,0.355800,0.386400
3.193771,0.355200,0.388200
3.197930,0.355200,0.389400
3.202088,0.355200,0.390600
3.206247,0.355200,0.391800
3.210406,0.355200,0.392400
3.214564,0.354600,0.394200
3.218723,0.354000,0.395400
3.222881,0.354000,0.396000
3.227040,0.354000,0.396600
3.231198,0.353400,0.397200
3.235357,0.352800,0.397800
3.239515,0.352800,0.398400
3.243674,0.352800,0.399600
3.247833,0.352200,0.400200
3.251991,0.352200,0.400800
3.256150,0.351600,0.402000
3.260308,0.351600,0.402600
3.264467,0.351600,0.403200
3.268625,0.351000,0.403800
3.272784,0.351000,0.404400
3.276942,0.351000,0.405000
3.281101,0.351000,0.405600
3.285260,0.350400,0.406200
3.289418,0.350400,0.406800
3.293577,0.349800,0.407400
3.297735,0.349800,0.407400
3.301894,0.349800,0.408000
3.306052,0.349200,0.408000
3.310211,0.349200,0.408000
3.314369,0.348600,0.408600
3.318528,0.349200,0.408600
3.322687,0.348600,0.408600
3.326845,0.349200,0.408600
3.331004,0.349200,0.408600
3.335162,0.348600,0.409200
3.339321,0.348600,0.409200
3.343479,0.348600,0.409200
3.347638,0.348000,0.409200
3.351796,0.348000,0.408600
3.355955,0.347400,0.409200
3.360114,0.346800,0.408600
3.364272,0.347400,0.408000
3.368431,0.347400,0.408000
3.372589,0.346800,0.407400
3.376748,0.346800,0.406800
3.380906,0.346800,0.406800
3.385065,0.346800,0.406800
3.389223,0.346200,0.406800
3.393382,0.346200,0.405600
3.397541,0.346200,0.405000
3.401699,0.346800,0.405000
3.405858,0.346200,0.404400
3.410016,0.346200,0.404400
3.414175,0.346200,0.405000
3.418333,0.345600,0.404400
3.422492,0.345600,0.403800
3.426650,0.345000,0.403800
3.430809,0.345000,0.403200
3.434968,0.345000,0.403200
3.439126,0.345000,0.402600
3.443285,0.345000,0.401400
3.447443,0.344400,0.401400
3.451602,0.344400,0.400800
3.455760,0.344400,0.400200
3.459919,0.344400,0.399000
3.464077,0.345000,0.398400
3.468236,0.345000,0.398400
3.472395,0.345000,0.397800
3.476553,0.345000,0.396600
3.480712,0.344400,0.396000
3.484870,0.344400,0.395400
3.489029,0.344400,0.394200
3.493187,0.343800,0.393000
3.497346,0.343200,0.391200
3.501504,0.343200,0.389400
3.505663,0.343200,0.387600
3.509822,0.342600,0.386400
3.513980,0.342600,0.385200
3.518139,0.342600,0.383400
3.522297,0.343200,0.382200
3.526456,0.342600,0.381000
3.530614,0.342000,0.379200
3.534773,0.342000,0.377400
3.538931,0.341400,0.376200
3.543090,0.341400,0.375000
3.547249,0.341400,0.373200
3.551407,0.340800,0.372600
3.555566,0.340200,0.370800
3.559724,0.340200,0.369600
3.563883,0.339600,0.367800
3.568041,0.339600,0.366600
3.572200,0.339600,0.365400
3.576358,0.339600,0.363600
3.580517,0.339600,0.361200
3.584676,0.339000,0.360000
3.588834,0.339600,0.358800
3.592993,0.339600,0.357000
3.597151,0.339600,0.355200
3.601310,0.339600,0.354000
3.605468,0.339600,0.352200
3.609627,0.339600,0.350400
3.613785,0.339000,0.348600
3.617944,0.339000,0.345600
3.622103,0.339000,0.343200
3.626261,0.339000,0.342000
3.630420,0.339000,0.339600
3.634578,0.339000,0.337200
3.638737,0.339000,0.336000
3.642895,0.339000,0.333600
3.647054,0.339600,0.331800
3.651212,0.339000,0.330000
3.655371,0.339000,0.327600
3.659530,0.339600,0.325800
3.663688,0.339600,0.323400
3.667847,0.339600,0.321600
3.672005,0.339000,0.318600
3.676164,0.339000,0.316200
3.680322,0.338400,0.313800
3.684481,0.337800,0.310800
3.688639,0.337200,0.308400
3.692798,0.337200,0.306000
3.696957,0.336600,0.303000
3.701115,0.336600,0.299400
3.705274,0.337200,0.297600
3.709432,0.337200,0.295200
3.713591,0.337800,0.293400
3.717749,0.337800,0.291600
3.721908,0.337800,0.289800
3.726067,0.337800,0.287400
3.730225,0.338400,0.285600
3.734384,0.339000,0.284400
3.738542,0.339000,0.282000
3.742701,0.339600,0.279600
3.746859,0.339600,0.277200
3.751018,0.339600,0.275400
3.755176,0.339000,0.273000
3.759335,0.338400,0.270600
3.763494,0.338400,0.268200
3.767652,0.338400,0.265200
3.771811,0.337800,0.262200
3.775969,0.337800,0.259200
3.780128,0.337800,0.256200
3.784286,0.337800,0.252000
3.788445,0.338400,0.249000
3.792603,0.338400,0.245400
3.796762,0.338400,0.242400
3.800921,0.339000,0.238800
3.805079,0.339000,0.235800
3.809238,0.339000,0.232800
3.813396,0.339600,0.229800
3.817555,0.339600,0.228000
3.821713,0.339600,0.225600
3.825872,0.340200,0.223800
3.830030,0.340200,0.222000
3.834189,0.340200,0.219600
3.838348,0.339600,0.217200
3.842506,0.339600,0.214800
3.846665,0.339600,0.211200
3.850823,0.339600,0.207600
3.854982,0.339000,0.204600
3.859140,0.339000,0.200400
3.863299,0.339000,0.198000
3.867457,0.339600,0.195000
3.871616,0.339600,0.192000
3.875775,0.340200,0.189000
3.879933,0.340800,0.186600
3.884092,0.341400,0.184800
3.888250,0.342000,0.181800
3.892409,0.342600,0.180000
3.896567,0.342600,0.178200
3.900726,0.342600,0.175800
3.904884,0.342000,0.172800
3.909043,0.341400,0.170400
3.913202,0.341400,0.168000
3.917360,0.341400,0.165600
3.921519,0.341400,0.162000
3.925677,0.341400,0.159000
3.929836,0.342000,0.155400
3.933994,0.342600,0.152400
3.938153,0.342600,0.149400
3.942311,0.342600,0.147000
3.946470,0.343200,0.144600
3.950629,0.343200,0.142200
3.954787,0.344400,0.140400
3.958946,0.344400,0.138600
3.963104,0.344400,0.136800
3.967263,0.344400,0.134400
3.971421,0.344400,0.131400
3.975580,0.344400,0.129000
3.979738,0.343800,0.125400
3.983897,0.343800,0.122400
3.988056,0.344400,0.119400
3.992214,0.344400,0.116400
3.996373,0.344400,0.113400
4.000531,0.345600,0.109800
4.004690,0.346200,0.107400
4.008848,0.347400,0.105000
4.013007,0.348000,0.103200
4.017165,0.348000,0.101400
4.021324,0.348000,0.100800
4.025483,0.347400,0.098400
4.029641,0.346800,0.096000
4.033800,0.346800,0.094800
4.037958,0.346800,0.091200
4.042117,0.347400,0.088800
4.046275,0.348000,0.087000
4.050434,0.348600,0.085200
4.054592,0.349200,0.082800
4.058751,0.349200,0.079800
4.062910,0.350400,0.079200
4.067068,0.350400,0.078000
4.071227,0.350400,0.077400
4.075385,0.351000,0.076800
4.079544,0.351000,0.076200
4.083702,0.351000,0.075600
4.087861,0.351000,0.073200
4.092019,0.351000,0.071400
4.096178,0.351000,0.069000
4.100337,0.351000,0.067200
4.104495,0.351000,0.065400
4.108654,0.352200,0.063000
4.112812,0.352200,0.061200
4.116971,0.353400,0.060000
4.121129,0.353400,0.058200
4.125288,0.355200,0.057600
4.129446,0.354600,0.057000
4.133605,0.354600,0.054600
4.137764,0.355200,0.053400
4.141922,0.354600,0.051600
4.146081,0.354600,0.051000
4.150239,0.354600,0.051000
4.154398,0.354600,0.050400
4.158556,0.355200,0.051600
4.162715,0.355800,0.054000
4.166873,0.356400,0.056400
4.171032,0.356400,0.061200
4.175191,0.357000,0.064800
4.179349,0.357600,0.069600
4.183508,0.358200,0.073800
4.187666,0.358200,0.078600
4.191825,0.358200,0.083400
4.195983,0.358800,0.087600
4.200142,0.358800,0.091800
4.204300,0.358800,0.095400
4.208459,0.359400,0.099000
4.212618,0.359400,0.102000
4.216776,0.359400,0.105000
4.220935,0.359400,0.106800
4.225093,0.359400,0.109800
4.229252,0.360000,0.111600
4.233410,0.359400,0.115200
4.237569,0.360000,0.116400
4.241727,0.360000,0.118800
4.245886,0.361200,0.120000
4.250045,0.361800,0.120600
4.254203,0.362400,0.122400
4.258362,0.363000,0.123600
4.262520,0.363600,0.125400
4.266679,0.364800,0.127200
4.270837,0.364800,0.129000
4.274996,0.364200,0.130800
4.279155,0.364200,0.131400
4.283313,0.364200,0.132600
4.287472,0.363600,0.132600
4.291630,0.364200,0.132600
4.295789,0.364200,0.133200
4.299947,0.364800,0.132600
4.304106,0.365400,0.132000
4.308264,0.366000,0.132000
4.312423,0.367200,0.131400
4.316582,0.367800,0.130800
4.320740,0.368400,0.130800
4.324899,0.367800,0.130200
4.329057,0.368400,0.131400
4.333216,0.369600,0.133800
4.337374,0.369000,0.135000
4.341533,0.369600,0.136800
4.345691,0.370200,0.139200
4.349850,0.370200,0.142200
4.354009,0.370200,0.143400
4.358167,0.370800,0.146400
4.362326,0.370800,0.147600
4.366484,0.370800,0.150600
4.370643,0.371400,0.151200
4.374801,0.371400,0.153000
4.378960,0.371400,0.156000
4.383118,0.371400,0.157800
4.387277,0.372000,0.159600
4.391436,0.371400,0.161400
4.395594,0.372600,0.163800
4.399753,0.372600,0.166200
4.403911,0.372000,0.167400
4.408070,0.373200,0.168600
4.412228,0.373200,0.169800
4.416387,0.374400,0.172200
4.420545,0.374400,0.174000
4.424704,0.375000,0.175800
4.428863,0.375000,0.177000
4.433021,0.376200,0.178200
4.437180,0.377400,0.181200
4.441338,0.377400,0.181800
4.445497,0.377400,0.183000
4.449655,0.378000,0.184800
4.453814,0.378000,0.186000
4.457972,0.378600,0.187200
4.462131,0.378000,0.188400
4.466290,0.378000,0.189600
4.470448,0.378600,0.191400
4.474607,0.378000,0.192000
4.478765,0.378000,0.193200
4.482924,0.378000,0.194400
4.487082,0.378000,0.195600
4.491241,0.378600,0.196200
4.495399,0.378600,0.196800
4.499558,0.379200,0.198600
4.503717,0.379800,0.201000
4.507875,0.379800,0.201600
4.512034,0.379200,0.202800
4.516192,0.379800,0.204000
4.520351,0.381600,0.206400
4.524509,0.382200,0.208200
4.528668,0.382800,0.210600
4.532826,0.382200,0.212400
4.536985,0.382200,0.213600
4.541144,0.382800,0.214800
4.545302,0.383400,0.215400
4.549461,0.384000,0.217200
4.553619,0.384000,0.217800
4.557778,0.384000,0.218400
4.561936,0.384000,0.219000
4.566095,0.383400,0.220200
4.570253,0.384000,0.220800
4.574412,0.384000,0.222000
4.578571,0.384000,0.222600
4.582729,0.384000,0.222600
4.586888,0.384000,0.223200
4.591046,0.384600,0.223200
4.595205,0.385200,0.223800
4.599363,0.384600,0.225000
4.603522,0.385200,0.225600
4.607680,0.385800,0.226800
4.611839,0.385800,0.226800
4.615998,0.385800,0.227400
4.620156,0.385800,0.227400
4.624315,0.385800,0.228000
4.628473,0.386400,0.228600
4.632632,0.386400,0.229200
4.636790,0.386400,0.230400
4.640949,0.387000,0.231000
4.645107,0.387000,0.231000
4.649266,0.387600,0.231600
4.653425,0.387600,0.232200
4.657583,0.387600,0.232800
4.661742,0.388200,0.233400
4.665900,0.388800,0.234000
4.670059,0.388800,0.234600
4.674217,0.388800,0.235200
4.678376,0.389400,0.235200
4.682534,0.389400,0.235800
4.686693,0.388800,0.235800
4.690852,0.389400,0.235800
4.695010,0.389400,0.236400
4.699169,0.390000,0.235800
4.703327,0.390000,0.235800
4.707486,0.390000,0.236400
4.711644,0.390600,0.236400
4.715803,0.390600,0.236400
4.719961,0.391200,0.236400
4.724120,0.390600,0.237000
4.728279,0.390600,0.237000
4.732437,0.390600,0.237000
4.736596,0.390600,0.237600
4.740754,0.390600,0.238200
4.744913,0.390600,0.238200
4.749071,0.391200,0.238200
4.753230,0.390600,0.238200
4.757388,0.390600,0.238200
4.761547,0.391200,0.238800
4.765706,0.390600,0.238200
4.769864,0.391200,0.238200
4.774023,0.391200,0.238200
4.778181,0.391200,0.238200
4.782340,0.391200,0.237600
4.786498,0.391200,0.238200
4.790657,0.391200,0.237600
4.794815,0.391200,0.237600
4.798974,0.391200,0.237000
4.803133,0.391800,0.237000
4.807291,0.392400,0.236400
4.811450,0.391800,0.235800
4.815608,0.391800,0.235200
4.819767,0.392400,0.234600
4.823925,0.392400,0.234600
4.828084,0.392400,0.234600
4.832242,0.392400,0.234000
4.836401,0.391800,0.233400
4.840560,0.391800,0.233400
4.844718,0.391200,0.232800
4.848877,0.391200,0.232200
4.853035,0.391200,0.232200
4.857194,0.390600,0.231000
4.861352,0.390600,0.230400
4.865511,0.390600,0.229800
4.869670,0.390000,0.229200
4.873828,0.390000,0.229200
4.877987,0.390000,0.229200
4.882145,0.390000,0.228600
4.886304,0.390000,0.227400
4.890462,0.389400,0.226800
4.894621,0.389400,0.225000
4.898779,0.388800,0.225000
4.902938,0.388800,0.224400
4.907097,0.388800,0.224400
4.911255,0.389400,0.223800
4.915414,0.388800,0.223200
4.919572,0.388800,0.222600
4.923731,0.389400,0.221400
4.927889,0.388800,0.220800
4.932048,0.388800,0.219600
4.936206,0.389400,0.219000
4.940365,0.389400,0.219000
4.944524,0.389400,0.217800
4.948682,0.388800,0.216600
4.952841,0.388800,0.216000
4.956999,0.389400,0.214200
4.961158,0.388800,0.214200
4.965316,0.388800,0.213000
4.969475,0.388800,0.211800
4.973633,0.388200,0.211200
4.977792,0.388200,0.209400
4.981951,0.387600,0.208800
4.986109,0.387600,0.207600
4.990268,0.387600,0.206400
4.994426,0.387000,0.204600
4.998585,0.387000,0.203400
5.002743,0.387000,0.201600
5.006902,0.387000,0.200400
5.011060,0.387000,0.199800
5.015219,0.387000,0.198000
5.019378,0.385800,0.196200
5.023536,0.385800,0.194400
5.027695,0.385200,0.192600
5.031853,0.385200,0.191400
5.036012,0.385800,0.189600
5.040170,0.385800,0.189000
5.044329,0.385800,0.187800
5.048487,0.385800,0.186600
5.052646,0.385800,0.184800
5.056805,0.385800,0.183600
5.060963,0.385200,0.183000
5.065122,0.384600,0.182400
5.069280,0.384600,0.182400
5.073439,0.384000,0.181200
5.077597,0.384000,0.180000
5.081756,0.383400,0.180000
5.085914,0.382800,0.178800
5.090073,0.382800,0.177000
5.094232,0.382800,0.175800
5.098390,0.382200,0.174600
5.102549,0.381000,0.173400
5.106707,0.381000,0.171600
5.110866,0.379200,0.169800
5.115024,0.379200,0.168600
5.119183,0.379200,0.166200
5.123341,0.379200,0.165000
5.127500,0.380400,0.164400
5.131659,0.378600,0.162000
5.135817,0.379200,0.159000
5.139976,0.379800,0.157800
5.144134,0.379200,0.156000
5.148293,0.379200,0.153000
5.152451,0.379200,0.151800
5.156610,0.378000,0.149400
5.160768,0.378600,0.147000
5.164927,0.378000,0.144600
5.169086,0.378600,0.142800
5.173244,0.378000,0.141000
5.177403,0.377400,0.139800
5.181561,0.377400,0.139200
5.185720,0.375600,0.136800
5.189878,0.375600,0.136800
5.194037,0.375600,0.136200
5.198195,0.375000,0.135600
5.202354,0.375000,0.135000
5.206513,0.375000,0.134400
5.210671,0.374400,0.134400
5.214830,0.374400,0.133200
5.218988,0.373200,0.133200
5.223147,0.373200,0.130800
5.227305,0.373200,0.129600
5.231464,0.372600,0.129000
5.235622,0.371400,0.126600
5.239781,0.371400,0.124800
5.243940,0.370800,0.123000
5.248098,0.370800,0.120600
5.252257,0.371400,0.118200
5.256415,0.372000,0.117000
5.260574,0.371400,0.113400
5.264732,0.370800,0.111000
5.268891,0.370800,0.108000
5.273049,0.370800,0.105600
5.277208,0.370800,0.103800
5.281367,0.369600,0.101400
5.285525,0.369600,0.100200
5.289684,0.369000,0.099600
5.293842,0.368400,0.098400
5.298001,0.367800,0.097800
5.302159,0.366600,0.096600
5.306318,0.366600,0.095400
5.310476,0.366000,0.094800
5.314635,0.365400,0.094200
5.318794,0.365400,0.093600
5.322952,0.365400,0.092400
5.327111,0.366000,0.091200
5.331269,0.366000,0.090600
5.335428,0.365400,0.088800
5.339586,0.365400,0.087600
5.343745,0.365400,0.086400
5.347903,0.364800,0.084000
5.352062,0.364200,0.081600
5.356221,0.363600,0.079200
5.360379,0.363600,0.077400
5.364538,0.363000,0.075000
5.368696,0.362400,0.073800
5.372855,0.361800,0.072600
5.377013,0.361800,0.071400
5.381172,0.361200,0.071400
5.385330,0.360600,0.070800
5.389489,0.360600,0.069600
5.393648,0.360000,0.069000
5.397806,0.360000,0.069000
5.401965,0.360000,0.067800
5.406123,0.359400,0.067200
5.410282,0.359400,0.065400
5.414440,0.358800,0.064200
5.418599,0.358800,0.062400
5.422758,0.358800,0.060600
5.426916,0.358200,0.058800
5.431075,0.358200,0.056400
5.435233,0.358200,0.055200
5.439392,0.357600,0.053400
5.443550,0.357600,0.052200
5.447709,0.357000,0.051000
5.451867,0.356400,0.051000
5.456026,0.355800,0.050400
5.460185,0.355200,0.051600
5.464343,0.354600,0.053400
5.468502,0.354000,0.055800
5.472660,0.352800,0.058800
5.476819,0.352800,0.061200
5.480977,0.352800,0.064800
5.485136,0.352200,0.067800
5.489294,0.351600,0.071400
5.493453,0.351600,0.073800
5.497612,0.351600,0.076200
5.501770,0.351600,0.078600
5.505929,0.351600,0.081000
5.510087,0.351000,0.084000
5.514246,0.351000,0.085200
5.518404,0.351000,0.087000
5.522563,0.350400,0.088800
5.526721,0.349800,0.090000
5.530880,0.349800,0.091200
5.535039,0.349800,0.091800
5.539197,0.349200,0.093000
5.543356,0.348000,0.093600
5.547514,0.347400,0.094200
5.551673,0.347400,0.094200
5.555831,0.346800,0.094200
5.559990,0.346200,0.094800
5.564148,0.345600,0.095400
5.568307,0.345600,0.096000
5.572466,0.345000,0.096000
5.576624,0.345000,0.096000
5.580783,0.345000,0.096000
5.584941,0.344400,0.096000
5.589100,0.343800,0.096000
5.593258,0.343200,0.096600
5.597417,0.343200,0.096600
5.601575,0.342000,0.096600
5.605734,0.342600,0.096000
5.609893,0.342600,0.095400
5.614051,0.342600,0.094800
5.618210,0.342000,0.094200
5.622368,0.342000,0.094200
5.626527,0.342000,0.093600
5.630685,0.342000,0.093600
5.634844,0.341400,0.093000
5.639002,0.341400,0.093000
5.643161,0.341400,0.093600
5.647320,0.341400,0.094200
5.651478,0.340800,0.096000
5.655637,0.340800,0.096000
5.659795,0.340800,0.097800
5.663954,0.340200,0.099000
5.668112,0.339600,0.100800
5.672271,0.339600,0.102000
5.676429,0.339000,0.103800
5.680588,0.339000,0.105000
5.684747,0.339000,0.106200
5.688905,0.338400,0.107400
5.693064,0.337800,0.109200
5.697222,0.336600,0.109800
5.701381,0.336000,0.111000
5.705539,0.337200,0.111000
5.709698,0.337800,0.112200
5.713856,0.336600,0.114000
5.718015,0.334800,0.114000
5.722174,0.334200,0.115200
5.726332,0.334200,0.115200
5.730491,0.334200,0.115200
5.734649,0.334800,0.115800
5.738808,0.333600,0.116400
5.742966,0.333600,0.115800
5.747125,0.333600,0.116400
5.751283,0.333600,0.116400
5.755442,0.333600,0.116400
5.759601,0.333000,0.117000
5.763759,0.333600,0.116400
5.767918,0.333000,0.117000
5.772076,0.332400,0.117000
5.776235,0.332400,0.117600
5.780393,0.333000,0.117600
5.784552,0.333000,0.117600
5.788710,0.332400,0.118200
5.792869,0.331200,0.118200
5.797028,0.331800,0.118800
5.801186,0.333000,0.118800
5.805345,0.334200,0.118800
5.809503,0.333000,0.118800
5.813662,0.331200,0.119400
5.817820,0.331200,0.120000
5.821979,0.332400,0.120000
5.826137,0.333000,0.121200
5.830296,0.332400,0.121200
5.834455,0.332400,0.121800
5.838613,0.332400,0.122400
5.842772,0.333000,0.122400
5.846930,0.333000,0.123000
5.851089,0.331800,0.123600
5.855247,0.331200,0.124200
5.859406,0.331200,0.124200
5.863564,0.332400,0.124800
5.867723,0.332400,0.124800
5.871882,0.331800,0.124800
5.876040,0.331200,0.125400
5.880199,0.330600,0.125400
5.884357,0.331800,0.124800
5.888516,0.331800,0.124200
5.892674,0.331200,0.124800
5.896833,0.331200,0.124800
5.900991,0.331200,0.124200
5.905150,0.331200,0.124200
5.909309,0.331200,0.124200
5.913467,0.331200,0.124800
5.917626,0.330600,0.124800
5.921784,0.330600,0.124800
5.925943,0.331800,0.124200
5.930101,0.331200,0.124800
5.934260,0.331800,0.124200
5.938418,0.331200,0.124800
5.942577,0.331200,0.124200
5.946736,0.331800,0.124200
5.950894,0.331800,0.123600
5.955053,0.331800,0.123000
5.959211,0.331800,0.123000
5.963370,0.331200,0.122400
5.967528,0.331800,0.121800
5.971687,0.331800,0.121200
5.975845,0.331800,0.121200
5.980004,0.331200,0.120600
5.984163,0.331800,0.120000
5.988321,0.332400,0.120000
5.992480,0.331800,0.119400
5.996638,0.331800,0.120000
6.000797,0.332400,0.120000
6.004955,0.332400,0.119400
6.009114,0.332400,0.118800
6.013273,0.332400,0.117600
6.017431,0.332400,0.118200
6.021590,0.332400,0.117600
6.025748,0.333000,0.117000
6.029907,0.332400,0.117600
6.034065,0.333000,0.117000
6.038224,0.332400,0.117000
6.042382,0.332400,0.116400
6.046541,0.333000,0.116400
6.050700,0.333600,0.115200
6.054858,0.333600,0.115200
6.059017,0.333600,0.115200
6.063175,0.333600,0.115200
6.067334,0.334200,0.112800
6.071492,0.334800,0.112800
6.075651,0.334800,0.112200
6.079809,0.334800,0.111000
6.083968,0.334200,0.111000
6.088127,0.334200,0.111000
6.092285,0.333600,0.109800
6.096444,0.334200,0.109800
6.100602,0.334200,0.109800
6.104761,0.333600,0.109200
6.108919,0.334800,0.108600
6.113078,0.334200,0.107400
6.117236,0.334200,0.106800
6.121395,0.334800,0.106800
6.125554,0.336000,0.106200
6.129712,0.336000,0.106200
6.133871,0.336000,0.105600
6.138029,0.336000,0.104400
6.142188,0.336000,0.104400
6.146346,0.336000,0.103200
6.150505,0.337200,0.103200
6.154663,0.337200,0.102600
6.158822,0.336600,0.102600
6.162981,0.337200,0.101400
6.167139,0.337200,0.100200
6.171298,0.337800,0.099600
6.175456,0.337200,0.099600
6.179615,0.337800,0.099600
6.183773,0.338400,0.099600
6.187932,0.339000,0.099600
6.192090,0.339000,0.099000
6.196249,0.339600,0.098400
6.200408,0.340200,0.097200
6.204566,0.340800,0.096600
6.208725,0.341400,0.096000
6.212883,0.342000,0.095400
6.217042,0.342000,0.094800
6.221200,0.342600,0.093600
6.225359,0.342600,0.091800
6.229517,0.344400,0.090600
6.233676,0.344400,0.089400
6.237835,0.344400,0.088800
6.241993,0.345000,0.088800
6.246152,0.345000,0.087600
6.250310,0.346200,0.087000
6.254469,0.346200,0.086400
6.258627,0.346800,0.085200
6.262786,0.347400,0.084600
6.266944,0.347400,0.084600
6.271103,0.347400,0.083400
6.275262,0.347400,0.083400
6.279420,0.348600,0.082800
6.283579,0.348600,0.082800
6.287737,0.348600,0.082200
6.291896,0.349200,0.081600
6.296054,0.349200,0.081000
6.300213,0.349200,0.080400
6.304371,0.349200,0.079800
6.308530,0.349800,0.079200
6.312689,0.349800,0.078600
6.316847,0.349800,0.078000
6.321006,0.349800,0.076800
6.325164,0.350400,0.076800
6.329323,0.351000,0.075000
6.333481,0.351000,0.075000
6.337640,0.351000,0.073800
6.341798,0.351600,0.073200
6.345957,0.352200,0.072600
6.350116,0.352800,0.072000
6.354274,0.353400,0.070800
6.358433,0.354000,0.070800
6.362591,0.354000,0.070200
6.366750,0.355200,0.069000
6.370908,0.355800,0.068400
6.375067,0.355800,0.067800
6.379225,0.356400,0.067200
6.383384,0.357000,0.066600
6.387543,0.357000,0.066600
6.391701,0.357600,0.066000
6.395860,0.357600,0.066000
6.400018,0.358200,0.065400
6.404177,0.358800,0.065400
6.408335,0.359400,0.064800
6.412494,0.359400,0.064200
6.416652,0.360600,0.063600
6.420811,0.361200,0.063600
6.424970,0.361200,0.063600
6.429128,0.361800,0.063600
6.433287,0.362400,0.063000
6.437445,0.362400,0.063600
6.441604,0.363000,0.063000
6.445762,0.363000,0.062400
6.449921,0.363000,0.062400
6.454079,0.363600,0.061800
6.458238,0.364200,0.060000
6.462397,0.364200,0.059400
6.466555,0.364200,0.058200
6.470714,0.364200,0.057000
6.474872,0.364800,0.055800
6.479031,0.364800,0.054600
6.483189,0.364800,0.054000
6.487348,0.365400,0.053400
6.491506,0.365400,0.052200
6.495665,0.366000,0.051600
6.499824,0.366600,0.051000
6.503982,0.366600,0.050400
6.508141,0.367200,0.050400
6.512299,0.367800,0.049800
6.516458,0.369000,0.049200
6.520616,0.369600,0.049200
6.524775,0.369600,0.049200
6.528933,0.370800,0.049200
6.533092,0.371400,0.049200
6.537251,0.371400,0.048600
6.541409,0.372000,0.048000
6.545568,0.372600,0.048000
6.549726,0.373200,0.047400
6.553885,0.373200,0.046800
6.558043,0.373800,0.046200
6.562202,0.374400,0.045000
6.566361,0.374400,0.044400
6.570519,0.375000,0.043800
6.574678,0.375000,0.043200
6.578836,0.375000,0.042600
6.582995,0.375600,0.042000
6.587153,0.376200,0.040800
6.591312,0.376200,0.040200
6.595470,0.376200,0.040200
6.599629,0.376800,0.040200
6.603788,0.376200,0.040800
6.607946,0.376200,0.042000
6.612105,0.376200,0.043800
6.616263,0.376800,0.045000
6.620422,0.376800,0.047400
6.624580,0.376800,0.049200
6.628739,0.376800,0.051000
6.632897,0.377400,0.052800
6.637056,0.377400,0.054600
6.641215,0.377400,0.056400
6.645373,0.378000,0.058800
6.649532,0.378000,0.060000
6.653690,0.378600,0.061800
6.657849,0.378600,0.063600
6.662007,0.378600,0.064800
6.666166,0.379200,0.065400
6.670324,0.379800,0.066000
6.674483,0.379800,0.066600
6.678642,0.379800,0.067200
6.682800,0.379800,0.067800
6.686959,0.380400,0.067800
6.691117,0.382200,0.068400
6.695276,0.381600,0.068400
6.699434,0.381000,0.069000
6.703593,0.382200,0.068400
6.707751,0.382800,0.067800
6.711910,0.383400,0.067800
6.716069,0.383400,0.067800
6.720227,0.383400,0.067800
6.724386,0.384000,0.067200
6.728544,0.384600,0.066600
6.732703,0.385200,0.066000
6.736861,0.385200,0.065400
6.741020,0.385800,0.065400
6.745178,0.386400,0.065400
6.749337,0.387000,0.065400
6.753496,0.387000,0.064800
6.757654,0.387600,0.064800
6.761813,0.388200,0.064800
6.765971,0.388200,0.064800
6.770130,0.388200,0.065400
6.774288,0.388800,0.066000
6.778447,0.389400,0.066600
6.782605,0.389400,0.067200
6.786764,0.389400,0.067200
6.790923,0.389400,0.069000
6.795081,0.390000,0.069600
6.799240,0.390000,0.069600
6.803398,0.390000,0.070200
6.807557,0.390600,0.070800
6.811715,0.390600,0.071400
6.815874,0.391200,0.071400
6.820032,0.391200,0.072000
6.824191,0.391200,0.072600
6.828350,0.391800,0.072600
